cos_i_ring,theta_ring_deg,p_true,b_true,PR
0.13375,77.25,0.08659717689766307,0.613718812118532,-1.4013811566216559
0.13375,78.0,0.08659717689766307,0.6131065702268615,-1.4103822662228849
0.13375,78.75,0.08659717689766307,0.6125303617163057,-1.4188343434317865
0.146125,76.5,0.08579251527307688,0.6146232204345916,-1.3890755904292753
0.146125,78.0,0.08579251527307688,0.6148284928710438,-1.3879217795900602
0.146125,78.75,0.08579251527307688,0.6142665895464199,-1.3962097838348118
0.146125,79.5,0.08579251527307688,0.6137398549931106,-1.4039627967143964
0.146125,80.25,0.08579251527307688,0.6132485371214216,-1.4111803806794092
0.146125,81.0,0.08579251527307688,0.6127928551920448,-1.417862312344837
0.15850000000000003,75.0,0.08500589202678836,0.61299169409228,-1.4099933548317143
0.15850000000000003,79.5,0.08500589202678836,0.6153957399489713,-1.3822855097056477
0.15850000000000003,80.25,0.08500589202678836,0.6149170515398693,-1.3893554006906925
0.15850000000000003,81.0,0.08500589202678836,0.6144729351390583,-1.395903020122565
0.15850000000000003,81.75,0.08500589202678836,0.6140636154907381,-1.4019277157218775
0.15850000000000003,82.5,0.08500589202678836,0.6136892908958206,-1.407429023876142
0.15850000000000003,83.25,0.08500589202678836,0.6133501355612008,-1.4124066312809003
0.15850000000000003,84.0,0.08500589202678836,0.6130463016371597,-1.4168603418703674
0.17087500000000003,74.25,0.08423697469825481,0.6138331290375032,-1.3985973280316035
0.17087500000000003,81.75,0.08423697469825481,0.6156642021154874,-1.3809062543301434
0.17087500000000003,82.5,0.08423697469825481,0.615299745815784,-1.3862905983584612
0.17087500000000003,83.25,0.08423697469825481,0.6149694475559885,-1.3911637543848074
0.17087500000000003,84.0,0.08423697469825481,0.6146734814993391,-1.3955251018830992
0.17087500000000003,84.75,0.08423697469825481,0.6144119988754433,-1.3993741605078578
0.17087500000000003,85.5,0.08423697469825481,0.6141851295982813,-1.4027105635971149
0.17087500000000003,86.25,0.08423697469825481,0.6139929836428157,-1.4055340357255521
0.17087500000000003,87.0,0.08423697469825481,0.6138356522005375,-1.4078443739352375
0.17087500000000003,87.75,0.08423697469825481,0.6137132086308256,-1.4096414323377475
0.17087500000000003,88.5,0.08423697469825481,0.6136257092216755,-1.4109251098371942
0.17087500000000003,89.25,0.08423697469825481,0.6135731937706399,-1.411695340778139
0.17087500000000003,90.0,0.08423697469825481,0.6135556859941104,-1.411952088369186
0.18325000000000002,72.75,0.08348544208513922,0.6124513574719153,-1.4162091857009818
0.18325000000000002,73.5,0.08348544208513922,0.6146984716572054,-1.3868557169028242
0.18325000000000002,85.5,0.08348544208513922,0.6157383469458453,-1.3822486289009683
0.18325000000000002,86.25,0.08348544208513922,0.6155513679361496,-1.3850102442536436
0.18325000000000002,87.0,0.08348544208513922,0.6153982479913271,-1.387270283873352
0.18325000000000002,87.75,0.08348544208513922,0.6152790701179752,-1.3890284140150908
0.18325000000000002,88.5,0.08348544208513922,0.6151938980573703,-1.3902843885370533
0.18325000000000002,89.25,0.08348544208513922,0.6151427769041085,-1.3910380387475387
0.18325000000000002,90.0,0.08348544208513922,0.6151257335421438,-1.39128926625981
0.19562500000000002,72.0,0.08275093500577864,0.6134049742296328,-1.403371528391872
0.20800000000000002,70.5,0.08203302292565268,0.612284475404799,-1.4175635973360834
0.20800000000000002,71.25,0.08203302292565268,0.6143853296966483,-1.390142860403663
0.22037500000000002,69.75,0.08133118426109191,0.6133576328944541,-1.4031758723418477
0.23275,68.25,0.08064479706493438,0.6125113812976625,-1.413802166455149
0.23275,69.0,0.08064479706493438,0.6144616291444731,-1.3883323390346778
0.245125,67.5,0.07997313669532825,0.6137141646212705,-1.3977122863334688
0.2575,66.0,0.07931537744763832,0.613158097113306,-1.4045729350378662
0.2575,66.75,0.07931537744763832,0.6149537336003847,-1.3810739020217233
0.26987500000000003,64.5,0.0786705956526628,0.6128001136061639,-1.408841504489346
0.26987500000000003,65.25,0.0786705956526628,0.614504266171473,-1.386570529337875
0.28225,63.0,0.07803777221968144,0.6126472861263326,-1.410435133903834
0.28225,63.75,0.07803777221968144,0.6142578710539399,-1.3894009154636733
0.294625,61.5,0.07741579292713659,0.6127070762391503,-1.4092602551534417
0.294625,62.25,0.07741579292713659,0.614222082858475,-1.3894726654475142
0.30700000000000005,60.0,0.07680344487333948,0.6129873502845086,-1.405211718799582
0.30700000000000005,60.75,0.07680344487333948,0.6144048550960316,-1.386681783692092
0.319375,57.75,0.07619940732703522,0.6122098292121051,-1.4149411913734664
0.319375,58.5,0.07619940732703522,0.6134964168209015,-1.3981715079265478
0.319375,59.25,0.07619940732703522,0.6148145996876296,-1.380911375259095
0.33175000000000004,55.5,0.07560223464373837,0.6119082407916535,-1.4184651981558747
0.33175000000000004,56.25,0.07560223464373837,0.6130588389990247,-1.40348671460581
0.33175000000000004,57.0,0.07560223464373837,0.6142431020209133,-1.3880068090822597
0.344125,53.25,0.0750103276900399,0.6121011554820299,-1.4155601531073096
0.344125,54.0,0.0750103276900399,0.6131109590212881,-1.4024082378327882
0.344125,54.75,0.0750103276900399,0.6141564608390739,-1.3887422843201993
0.35650000000000004,50.25,0.07442188780155932,0.6119808879218618,-1.4167228325147052
0.35650000000000004,51.0,0.07442188780155932,0.6128069888066978,-1.4059709213626161
0.35650000000000004,51.75,0.07442188780155932,0.6136715450411817,-1.3946851641138966
0.35650000000000004,52.5,0.07442188780155932,0.6145737734574757,-1.3828711302506034
0.368875,46.5,0.07383484244050718,0.6121433865064173,-1.4142054319642932
0.368875,47.25,0.07383484244050718,0.6127353280095287,-1.4064995156228945
0.368875,48.0,0.07383484244050718,0.6133691756671555,-1.39823035080162
0.368875,48.75,0.07383484244050718,0.6140441430100926,-1.3894045387002758
0.368875,49.5,0.07383484244050718,0.6147594477683879,-1.3800284639820493
0.38125000000000003,38.25,0.0732467212970808,0.6121540816951418,-1.4138095494964658
0.38125000000000003,39.0,0.0732467212970808,0.612647586897635,-1.4072316001185923
0.38125000000000003,39.75,0.0732467212970808,0.6127546004161594,-1.405837137855904
0.38125000000000003,40.5,0.0732467212970808,0.6129106379441871,-1.4038029222357584
0.38125000000000003,41.25,0.0732467212970808,0.6131149322503575,-1.401137917824723
0.38125000000000003,42.0,0.0732467212970808,0.6133667138477759,-1.3978508230231825
0.38125000000000003,42.75,0.0732467212970808,0.6136652117372414,-1.3939500757975407
0.38125000000000003,43.5,0.0732467212970808,0.614009654106499,-1.3894438594680287
0.38125000000000003,44.25,0.0732467212970808,0.6143992689870302,-1.3843401085360785
0.393625,38.25,0.07265443687684982,0.612986634013522,-1.4036551590260424
0.406,38.25,0.07205385603878814,0.6138980376404273,-1.3924105784290772
0.41837500000000005,37.5,0.07143881958889928,0.6128236625533717,-1.4077525874739183
0.43075,36.75,0.07079812927067124,0.6121503571495447,-1.417692637107903
0.43075,37.5,0.07079812927067124,0.6142204370487996,-1.3900305123015808
0.44312500000000005,36.0,0.07009152165102771,0.6122412496084804,-1.4175146318625638
0.44312500000000005,36.75,0.07009152165102771,0.6142439085576876,-1.3907655770276226
0.4555,35.25,0.06935085461595855,0.6128409396336182,-1.4105863113863195
0.4555,36.0,0.06935085461595855,0.6147643730254335,-1.3848588399438413
0.46787500000000004,34.5,0.06865071375588412,0.6132986741896509,-1.4054563152356503
0.46787500000000004,35.25,0.06865071375588412,0.6151444944966984,-1.380743852640701
0.48025,33.75,0.0679885454647726,0.6136239429553486,-1.4020091325832555
0.49262500000000004,33.0,0.06736205975781291,0.6138250446080886,-1.4001421129172082
0.505,32.25,0.06676920959247593,0.6139091154250013,-1.399765607920753
0.517375,31.5,0.06620817468742113,0.6138821353632867,-1.4008032935294576
0.517375,32.25,0.06620817468742113,0.6154317505605311,-1.3800675297850309
0.52975,30.75,0.06567734995350116,0.6137489073967799,-1.403192740020309
0.52975,31.5,0.06567734995350116,0.6152278335472207,-1.3834243743247443
0.5421250000000001,30.0,0.06517533901375155,0.613513002634346,-1.406886335460339
0.5421250000000001,30.75,0.06517533901375155,0.6149225866380559,-1.3880718965367944
0.5545,29.25,0.06470095384405364,0.6131766585279166,-1.4118527307107915
0.5545,30.0,0.06470095384405364,0.6145182797372907,-1.393977258718214
0.566875,28.5,0.06425322250165053,0.6127406083189889,-1.4180790862137227
0.566875,29.25,0.06425322250165053,0.6140156929153472,-1.4011261019203278
0.566875,30.0,0.06425322250165053,0.615279402955558,-1.3842459646435692
0.57925,28.5,0.06383140863161049,0.6134138370825708,-1.409526095589436
0.57925,29.25,0.06383140863161049,0.6146158924620522,-1.3935128694444736
0.5916250000000001,27.75,0.06343504991287881,0.6127094942456731,-1.4192126980335706
0.5916250000000001,28.5,0.06343504991287881,0.6138511263757133,-1.4040507979760652
0.5916250000000001,29.25,0.06343504991287881,0.6149858149402181,-1.3889184243608586
0.6040000000000001,27.75,0.06306403036378148,0.6129789778744017,-1.4159309879493636
0.6040000000000001,28.5,0.06306403036378148,0.6140574448002156,-1.4016007757743116
0.6040000000000001,29.25,0.06306403036378148,0.6151299400337856,-1.3872941275974209
0.616375,27.75,0.062718721221538,0.6130122854831659,-1.4157366896066494
0.616375,28.5,0.062718721221538,0.6140324151036761,-1.4021864366923664
0.616375,29.25,0.062718721221538,0.6150474844006165,-1.3886536950942607
0.62875,27.75,0.06240028601256462,0.6128012495635239,-1.418736842593176
0.62875,28.5,0.06240028601256462,0.6137675566379206,-1.4059174139975172
0.62875,29.25,0.06240028601256462,0.6147296575835944,-1.393109433979594
0.62875,30.0,0.06240028601256462,0.6156859624533153,-1.3803347335510177
0.6411250000000001,28.5,0.062111499281548375,0.6132386762583458,-1.4131013930026453
0.6411250000000001,29.25,0.062111499281548375,0.614152104613476,-1.4009705969132127
0.6411250000000001,30.0,0.062111499281548375,0.615060646363726,-1.3888654333555615
0.6535000000000001,29.25,0.06186059235761765,0.6132391462450967,-1.4132086580199275
0.6535000000000001,30.0,0.06186059235761765,0.6141044314495313,-1.4017236761138883
0.6535000000000001,30.75,0.06186059235761765,0.6149643383716444,-1.3902752722472025
0.665875,30.75,0.06166163397318487,0.6135095742191368,-1.409681737862925
0.665875,31.5,0.06166163397318487,0.6143265555699867,-1.398835045665853
0.665875,32.25,0.06166163397318487,0.6151366464645353,-1.3880494190129544
0.67825,31.5,0.06147086482117888,0.6127784838865324,-1.4194158020354877
0.67825,32.25,0.06147086482117888,0.6135545108562501,-1.4091467258460622
0.67825,33.0,0.06147086482117888,0.6143235575881099,-1.3989430469477773
0.67825,33.75,0.06147086482117888,0.6150845984913808,-1.388819269757149
0.690625,33.75,0.061285754706265835,0.6134054241370855,-1.4111892430149418
0.690625,34.5,0.061285754706265835,0.614127370568525,-1.4016242045752811
0.690625,35.25,0.061285754706265835,0.6148405420770189,-1.3921528577129454
0.690625,36.0,0.061285754706265835,0.6155440994489226,-1.3827873763866072
0.7030000000000001,35.25,0.06110606594636046,0.6130728085297062,-1.4156642743513257
0.7030000000000001,36.0,0.06110606594636046,0.6137489938021629,-1.4067249123988153
0.7030000000000001,36.75,0.06110606594636046,0.6144159312423579,-1.3978886166206386
0.7030000000000001,37.5,0.06110606594636046,0.6150729099591354,-1.3891658087165708
0.7030000000000001,38.25,0.06110606594636046,0.6157192617055782,-1.3805664207144763
0.7153750000000001,37.5,0.0609315733325937,0.6131991680144626,-1.414090384449794
0.7153750000000001,38.25,0.0609315733325937,0.6138218289653136,-1.4058658091490592
0.7153750000000001,39.0,0.0609315733325937,0.6144344200184007,-1.3977587365643298
0.7153750000000001,39.75,0.0609315733325937,0.6150363839966912,-1.389777525886719
0.7153750000000001,40.5,0.0609315733325937,0.6156272040339779,-1.3819300476342313
0.72775,39.75,0.0607620633730798,0.613068672668176,-1.4159287096172815
0.72775,40.5,0.0607620633730798,0.6136392263077142,-1.4084069604276672
0.72775,41.25,0.0607620633730798,0.614199326163893,-1.4010107355405257
0.72775,42.0,0.0607620633730798,0.6147485481934964,-1.3937465493595558
0.72775,42.75,0.0607620633730798,0.6152865052206641,-1.3866204511894529
0.740125,42.75,0.06059733358612068,0.6132177935420791,-1.4141155680189887
0.740125,43.5,0.06059733358612068,0.6137280814500821,-1.4073981965383413
0.740125,44.25,0.06059733358612068,0.6142275642801948,-1.4008141040811655
0.740125,45.0,0.06059733358612068,0.6147159624868568,-1.394367789350335
0.740125,45.75,0.06059733358612068,0.6151930289817086,-1.3880633236285578
0.740125,46.5,0.06059733358612068,0.615658548680874,-1.3819043511524922
0.7525000000000001,45.75,0.06043719183968501,0.6130379547810465,-1.4166693927575313
0.7525000000000001,46.5,0.06043719183968501,0.6134911149901552,-1.4107208410449688
0.7525000000000001,47.25,0.06043719183968501,0.6139335873519443,-1.40490630398192
0.7525000000000001,48.0,0.06043719183968501,0.6143652067665228,-1.3992286304964587
0.7525000000000001,48.75,0.06043719183968501,0.6147858354889252,-1.3936902976898162
0.7525000000000001,49.5,0.06043719183968501,0.6151953624508846,-1.3882934159876736
0.7525000000000001,50.25,0.06043719183968501,0.6155937025206235,-1.3830397355167405
0.7648750000000001,49.5,0.060281455734149086,0.6129558397038404,-1.4179868520331416
0.7648750000000001,50.25,0.060281455734149086,0.6133458477913523,-1.4128833377527392
0.7648750000000001,51.0,0.060281455734149086,0.6137255260944174,-1.4079111722154103
0.7648750000000001,51.75,0.060281455734149086,0.614094817368157,-1.403071624292824
0.7648750000000001,52.5,0.060281455734149086,0.614453685766875,-1.3983656621270004
0.7648750000000001,53.25,0.060281455734149086,0.6148021160235166,-1.3937939618850517
0.7648750000000001,54.0,0.060281455734149086,0.6151401125900596,-1.389356917294666
0.7648750000000001,54.75,0.060281455734149086,0.6154676987442919,-1.3850546498939993
0.7648750000000001,55.5,0.060281455734149086,0.6157849156677707,-1.3808870199277083
0.77725,54.75,0.060129952025442523,0.6131475452870934,-1.4158003257623175
0.77725,55.5,0.060129952025442523,0.6134610783584358,-1.411712252909988
0.77725,56.25,0.060129952025442523,0.6137650150241253,-1.4077477568043135
0.77725,57.0,0.060129952025442523,0.6140594004108101,-1.4039065718142705
0.77725,57.75,0.060129952025442523,0.6143442936903222,-1.4001882260429424
0.77725,58.5,0.060129952025442523,0.6146197672171543,-1.3965920521889683
0.77725,59.25,0.060129952025442523,0.6148859056571465,-1.3931171987096596
0.77725,60.0,0.060129952025442523,0.6151428051108766,-1.3897626412297714
0.77725,60.75,0.060129952025442523,0.6153905722350623,-1.3865271941416792
0.77725,61.5,0.060129952025442523,0.6156293233651153,-1.3834095223442122
0.77725,62.25,0.060129952025442523,0.6158591836418091,-1.3804081530692889
0.789625,60.75,0.059982516085900085,0.613008075904347,-1.4180320429861506
0.789625,61.5,0.059982516085900085,0.613246674249434,-1.414938063351959
0.789625,62.25,0.059982516085900085,0.6134768507698658,-1.4119530925566242
0.789625,63.0,0.059982516085900085,0.6136987078247516,-1.4090759493524387
0.789625,63.75,0.059982516085900085,0.613912354744772,-1.4063053437968243
0.789625,64.5,0.059982516085900085,0.6141179070820777,-1.4036398875093326
0.789625,65.25,0.059982516085900085,0.614315485870166,-1.4010781038860267
0.789625,66.0,0.059982516085900085,0.6145052168955812,-1.3986184382372064
0.789625,66.75,0.059982516085900085,0.6146872299831512,-1.3962592678169163
0.789625,67.5,0.059982516085900085,0.6148616582962917,-1.3939989117146352
0.789625,68.25,0.059982516085900085,0.6150286376537301,-1.3918356405817973
0.789625,69.0,0.059982516085900085,0.6151883058642041,-1.3897676861689388
0.789625,69.75,0.059982516085900085,0.6153408020792676,-1.387793250649165
0.789625,70.5,0.059982516085900085,0.6154862661667708,-1.385910515710023
0.789625,71.25,0.059982516085900085,0.6156248381042326,-1.384117651393071
0.789625,72.0,0.059982516085900085,0.61575665739375,-1.3824128246663436
0.789625,72.75,0.059982516085900085,0.6158818624987402,-1.3807942077151723
0.802,69.75,0.059838991400279685,0.6129139492926138,-1.4197979979461595
0.802,70.5,0.059838991400279685,0.6130617461804526,-1.4178958388997074
0.802,71.25,0.059838991400279685,0.613202794064022,-1.4160809092491378
0.802,72.0,0.059838991400279685,0.6133372072728825,-1.4143517368785206
0.802,72.75,0.059838991400279685,0.6134650997598545,-1.412706846756588
0.802,73.5,0.059838991400279685,0.6135865846075168,-1.4111447680975426
0.802,74.25,0.059838991400279685,0.6137017735534125,-1.4096640412696528
0.802,75.0,0.059838991400279685,0.613810776535249,-1.4082632244431386
0.802,75.75,0.059838991400279685,0.6139137012561316,-1.406940899968272
0.802,76.5,0.059838991400279685,0.6140106527700969,-1.405695680476592
0.802,77.25,0.059838991400279685,0.6141017330881536,-1.4045262146989672
0.802,78.0,0.059838991400279685,0.6141870408049501,-1.4034311929955279
0.802,78.75,0.059838991400279685,0.6142666707461537,-1.4024093525933132
0.802,79.5,0.059838991400279685,0.6143407136365812,-1.401459482528413
0.802,80.25,0.059838991400279685,0.6144092557890692,-1.4005804282901804
0.802,81.0,0.059838991400279685,0.6144723788140675,-1.3997710961655927
0.802,81.75,0.059838991400279685,0.6145301593498878,-1.3990304572827177
0.802,82.5,0.059838991400279685,0.6145826688135356,-1.3983575513525317
0.802,83.25,0.059838991400279685,0.6146299731720275,-1.3977514901087087
0.802,84.0,0.059838991400279685,0.614672132734093,-1.397211460445518
0.802,84.75,0.059838991400279685,0.6147092019621517,-1.3967367272541833
0.802,85.5,0.059838991400279685,0.6147412293044539,-1.3963266359580175
0.802,86.25,0.059838991400279685,0.6147682570472699,-1.3959806147471119
0.802,87.0,0.059838991400279685,0.6147903211870333,-1.395698176513216
0.802,87.75,0.059838991400279685,0.6148074513223245,-1.3954789204854288
0.802,88.5,0.059838991400279685,0.6148196705656326,-1.3953225335675357
0.802,89.25,0.059838991400279685,0.614826995474793,-1.3952287913773578
0.802,90.0,0.059838991400279685,0.6148294360040651,-1.3951975589888865
